年別,居住地,細分,合計,9歲及以下,10至19歲,20至29歲,30至39歲,40至49歲,50至59歲,60歲以上
2013,亞洲地區,香港.澳門 HongKong. Macao,"1,183,341","52,405","97,097","270,408","257,093","225,025","179,860","101,453"
2013,亞洲地區,大陸 Mainland China,"2,874,702","63,962","109,934","448,714","561,109","571,174","551,964","567,845"
2013,亞洲地區,日本 Japan,"1,421,550","23,644","58,900","219,664","265,561","284,381","256,634","312,766"
2013,亞洲地區,韓國 Korea,"351,301","7,592","19,707","64,506","80,518","69,816","67,467","41,695"
2013,亞洲地區,印度 India,"23,318",475,385,"4,482","8,133","5,707","2,885","1,251"
2013,亞洲地區,中東 Middle East,"13,918",212,271,"1,821","4,274","3,874","2,284","1,182"
2013,亞洲地區,東南亞地區 馬來西亞 Malaysia,"394,326","15,208","35,731","98,057","85,667","66,364","53,747","39,552"
2013,亞洲地區,東南亞地區 新加坡 Singapore,"364,733","18,439","28,823","75,555","78,412","72,180","55,629","35,695"
2013,亞洲地區,東南亞地區 印尼 Indonesia,"171,299","2,245","7,489","59,055","56,813","20,667","13,085","11,945"
2013,亞洲地區,東南亞地區 菲律賓 Philippines,"99,698","1,502","3,042","32,084","34,397","14,377","8,079","6,217"
2013,亞洲地區,東南亞地區 泰國 Thailand,"104,138","1,447","3,650","20,041","32,652","24,989","12,747","8,612"
2013,亞洲地區,東南亞地區 越南 Vietnam,"118,467","1,149","7,688","54,733","28,274","11,528","9,802","5,293"
2013,亞洲地區,東南亞地區 東南亞其他地區 Others,"8,935",205,417,"1,744","2,186","1,437","1,504","1,442"
2013,亞洲地區,東南亞地區 東南亞小計 Sub-Total,"1,261,596","40,195","86,840","341,269","318,401","211,542","154,593","108,756"
2013,亞洲地區,亞洲其他地區 Others,"9,060",216,610,"1,927","2,309","2,138","1,280",580
2013,亞洲地區,亞洲合計 Total,"7,138,786","188,701","373,744","1,352,791","1,497,398","1,373,657","1,216,967","1,135,528"
2013,美洲地區,加拿大 Canada,"72,693","3,417","4,077","11,787","15,410","12,368","13,350","12,284"
2013,美洲地區,美國 U.S.A.,"414,060","24,112","26,697","55,422","71,240","80,244","87,480","68,865"
2013,美洲地區,墨西哥 Mexico,"2,295",70,169,481,647,487,279,162
2013,美洲地區,巴西 Brazil,"3,940",146,301,780,"1,129",808,494,282
2013,美洲地區,阿根廷 Argentina,"1,124",66,119,238,288,193,144,76
2013,美洲地區,美洲其他地區 Others,"8,334",177,546,"2,578","1,853","1,492","1,099",589
2013,美洲地區,美洲合計 Total,"502,446","27,988","31,909","71,286","90,567","95,592","102,846","82,258"
2013,歐洲地區,比利時 Belgium,"4,756",149,149,831,"1,039","1,196",892,500
2013,歐洲地區,法國 France,"32,384","1,064","1,444","7,071","7,121","7,152","5,311","3,221"
2013,歐洲地區,德國 Germany,"46,533","1,044","1,810","7,939","9,635","12,789","9,182","4,134"
2013,歐洲地區,義大利 Italy,"13,663",218,258,"1,849","3,601","3,905","2,557","1,275"
2013,歐洲地區,荷蘭 Netherlands,"16,443",355,659,"3,564","3,082","3,997","3,157","1,629"
2013,歐洲地區,瑞士 Switzerland,"8,030",269,288,"1,184","1,683","2,061","1,604",941
2013,歐洲地區,西班牙 Spain,"7,128",158,172,"1,406","2,385","1,641",923,443
2013,歐洲地區,英國 U.K.,"42,438","1,170","1,432","6,308","9,298","9,641","9,586","5,003"
2013,歐洲地區,奧地利 Austria,"5,350",120,208,857,"1,302","1,164","1,030",669
2013,歐洲地區,希臘 Greece,"1,167",4,11,153,411,260,227,101
2013,歐洲地區,瑞典 Sweden,"7,136",219,266,"1,363","1,346","1,863","1,283",796
2013,歐洲地區,俄羅斯 Russia,"7,226",80,334,"1,757","2,194","1,453","1,040",368
2013,歐洲地區,歐洲其他地區 Others,"30,808",482,"1,214","7,143","8,669","6,310","4,828","2,162"
2013,歐洲地區,歐洲合計 Total,"223,062","5,332","8,245","41,425","51,766","53,432","41,620","21,242"
2013,大洋洲,澳大利亞 Australia,"65,777","4,022","4,038","9,969","15,046","11,324","12,084","9,294"
2013,大洋洲,紐西蘭 New Zealand,"10,694",717,712,"1,787","2,541","1,900","1,754","1,283"
2013,大洋洲,大洋洲其他地區 Others,"1,251",21,41,269,270,267,222,161
2013,大洋洲,大洋洲合計 Total,"77,722","4,760","4,791","12,025","17,857","13,491","14,060","10,738"
2013,非洲地區,南非 S. Africa,"4,164",190,148,808,"1,115",932,606,365
2013,非洲地區,非洲其他地區 Others,"4,631",59,156,878,"1,327","1,128",751,332
2013,非洲地區,非洲合計 Total,"8,795",249,304,"1,686","2,442","2,060","1,357",697
2013,全區,未列明 Unstated,"65,469","1,761","2,620","7,404","11,146","11,537","12,702","18,299"
2013,全區,總計 Grand Total,"8,016,280","228,791","421,613","1,486,617","1,671,176","1,549,769","1,389,552","1,268,762"
2014,亞洲地區,香港.澳門 HongKong. Macao,"1,375,770","67,413","111,266","311,075","284,632","255,602","216,823","128,959"
2014,亞洲地區,大陸 Mainland China,"3,987,152","118,091","164,301","621,646","747,926","700,715","761,185","873,288"
2014,亞洲地區,日本 Japan,"1,634,790","26,738","73,088","264,662","294,444","327,006","293,726","355,126"
2014,亞洲地區,韓國 Korea,"527,684","11,856","30,169","108,694","110,283","99,150","104,702","62,830"
2014,亞洲地區,印度 India,"30,168",754,844,"5,726","10,333","7,129","3,669","1,713"
2014,亞洲地區,中東 Middle East,"17,212",280,654,"2,378","4,924","4,333","2,887","1,756"
2014,亞洲地區,東南亞地區 馬來西亞 Malaysia,"439,240","17,519","38,680","110,851","93,310","73,648","60,293","44,939"
2014,亞洲地區,東南亞地區 新加坡 Singapore,"376,235","19,817","29,256","76,123","78,643","74,867","58,450","39,079"
2014,亞洲地區,東南亞地區 印尼 Indonesia,"182,704","2,400","8,080","61,564","61,170","23,928","13,037","12,525"
2014,亞洲地區,東南亞地區 菲律賓 Philippines,"136,978","1,786","3,851","49,574","46,525","18,268","9,721","7,253"
2014,亞洲地區,東南亞地區 泰國 Thailand,"104,812","1,411","3,538","21,129","32,816","25,666","12,082","8,170"
2014,亞洲地區,東南亞地區 越南 Vietnam,"137,177","1,370","7,968","62,917","34,511","12,857","10,917","6,637"
2014,亞洲地區,東南亞地區 東南亞其他地區 Others,"11,159",246,526,"2,288","2,648","1,822","1,803","1,826"
2014,亞洲地區,東南亞地區 東南亞小計 Sub-Total,"1,388,305","44,549","91,899","384,446","349,623","231,056","166,303","120,429"
2014,亞洲地區,亞洲其他地區 Others,"9,105",228,612,"2,000","2,344","2,213","1,245",463
2014,亞洲地區,亞洲合計 Total,"8,970,186","269,909","472,833","1,700,627","1,804,509","1,627,204","1,550,540","1,544,564"
2014,美洲地區,加拿大 Canada,"88,601","4,019","4,989","13,692","17,774","14,209","16,749","17,169"
2014,美洲地區,美國 U.S.A.,"458,691","26,538","29,723","60,884","78,581","84,547","94,136","84,282"
2014,美洲地區,墨西哥 Mexico,"3,172",82,224,683,703,709,439,332
2014,美洲地區,巴西 Brazil,"4,551",155,316,780,"1,221",832,619,628
2014,美洲地區,阿根廷 Argentina,"1,191",82,99,163,284,201,132,230
2014,美洲地區,美洲其他地區 Others,"9,169",170,504,"2,865","1,993","1,477","1,252",908
2014,美洲地區,美洲合計 Total,"565,375","31,046","35,855","79,067","100,556","101,975","113,327","103,549"
2014,歐洲地區,比利時 Belgium,"5,352",142,191,"1,048","1,154","1,160","1,113",544
2014,歐洲地區,法國 France,"36,379","1,133","1,672","8,028","7,918","7,785","5,918","3,925"
2014,歐洲地區,德國 Germany,"52,507","1,097","2,067","9,348","10,603","13,174","10,845","5,373"
2014,歐洲地區,義大利 Italy,"14,895",215,268,"1,944","3,824","4,373","2,846","1,425"
2014,歐洲地區,荷蘭 Netherlands,"18,498",387,692,"3,971","3,477","4,312","3,470","2,189"
2014,歐洲地區,瑞士 Switzerland,"8,708",287,269,"1,225","1,808","2,103","1,810","1,206"
2014,歐洲地區,西班牙 Spain,"8,403",168,214,"1,638","2,694","1,940","1,065",684
2014,歐洲地區,英國 U.K.,"58,201","1,442","1,829","8,256","11,155","11,097","13,516","10,906"
2014,歐洲地區,奧地利 Austria,"6,063",131,164,"1,010","1,446","1,325","1,153",834
2014,歐洲地區,希臘 Greece,"1,440",17,48,197,439,318,274,147
2014,歐洲地區,瑞典 Sweden,"8,083",237,290,"1,465","1,550","2,086","1,443","1,012"
2014,歐洲地區,俄羅斯 Russia,"8,353",92,405,"1,933","2,505","1,552","1,285",581
2014,歐洲地區,歐洲其他地區 Others,"37,998",684,"1,784","8,570","9,975","7,810","5,989","3,186"
2014,歐洲地區,歐洲合計 Total,"264,880","6,032","9,893","48,633","58,548","59,035","50,727","32,012"
2014,大洋洲,澳大利亞 Australia,"78,674","4,876","4,605","10,418","16,960","12,960","14,525","14,330"
2014,大洋洲,紐西蘭 New Zealand,"12,886",926,882,"1,853","3,057","2,228","2,150","1,790"
2014,大洋洲,大洋洲其他地區 Others,"1,559",42,44,327,310,324,270,242
2014,大洋洲,大洋洲合計 Total,"93,119","5,844","5,531","12,598","20,327","15,512","16,945","16,362"
2014,非洲地區,南非 S. Africa,"4,504",194,188,816,"1,170","1,047",659,430
2014,非洲地區,非洲其他地區 Others,"5,456",35,218,"1,117","1,532","1,284",872,398
2014,非洲地區,非洲合計 Total,"9,960",229,406,"1,933","2,702","2,331","1,531",828
2014,全區,未列明 Unstated,"6,684",419,496,"2,031","1,882","1,033",478,345
2014,全區,總計 Grand Total,"9,910,204","313,479","525,014","1,844,889","1,988,524","1,807,090","1,733,548","1,697,660"
2015,亞洲地區,香港.澳門 HongKong. Macao,"1,513,597","76,366","115,814","354,934","316,125","269,734","238,108","142,516"
2015,亞洲地區,大陸 Mainland China,"4,184,102","149,259","185,319","678,347","809,718","730,077","765,311","866,071"
2015,亞洲地區,日本 Japan,"1,627,229","28,709","85,723","260,008","292,533","333,033","295,679","331,544"
2015,亞洲地區,韓國 Korea,"658,757","16,577","42,064","166,867","132,846","115,519","115,059","69,825"
2015,亞洲地區,印度 India,"32,198",798,882,"6,032","10,662","7,878","3,915","2,031"
2015,亞洲地區,中東 Middle East,"18,753",336,644,"2,698","5,506","4,728","2,992","1,849"
2015,亞洲地區,東南亞地區 馬來西亞 Malaysia,"431,481","17,444","37,747","111,491","90,790","71,646","58,911","43,452"
2015,亞洲地區,東南亞地區 新加坡 Singapore,"393,037","21,401","28,929","79,331","82,595","77,779","61,678","41,324"
2015,亞洲地區,東南亞地區 印尼 Indonesia,"177,743","2,210","7,364","56,744","61,243","26,007","12,215","11,960"
2015,亞洲地區,東南亞地區 菲律賓 Philippines,"139,217","1,983","4,288","46,282","47,438","20,262","10,708","8,256"
2015,亞洲地區,東南亞地區 泰國 Thailand,"124,409","1,785","3,616","26,788","39,125","28,617","14,249","10,229"
2015,亞洲地區,東南亞地區 越南 Vietnam,"146,380","1,753","8,070","64,965","37,808","14,101","11,816","7,867"
2015,亞洲地區,東南亞地區 東南亞其他地區 Others,"13,218",281,600,"2,900","3,018","2,273","2,124","2,022"
2015,亞洲地區,東南亞地區 東南亞小計 Sub-Total,"1,425,485","46,857","90,614","388,501","362,017","240,685","171,701","125,110"
2015,亞洲地區,亞洲其他地區 Others,"9,438",142,510,"2,032","2,532","2,364","1,361",497
2015,亞洲地區,亞洲合計 Total,"9,469,559","319,044","521,570","1,859,419","1,931,939","1,704,018","1,594,126","1,539,443"
2015,美洲地區,加拿大 Canada,"90,666","4,450","5,008","14,227","18,188","14,538","16,457","17,798"
2015,美洲地區,美國 U.S.A.,"479,452","28,981","31,168","66,947","85,128","86,462","95,544","85,222"
2015,美洲地區,墨西哥 Mexico,"3,063",68,257,608,794,646,410,280
2015,美洲地區,巴西 Brazil,"4,120",143,325,730,"1,100",718,580,524
2015,美洲地區,阿根廷 Argentina,"1,189",108,87,183,321,210,166,114
2015,美洲地區,美洲其他地區 Others,"9,702",215,529,"2,999","2,327","1,504","1,315",813
2015,美洲地區,美洲合計 Total,"588,192","33,965","37,374","85,694","107,858","104,078","114,472","104,751"
2015,歐洲地區,比利時 Belgium,"6,101",136,192,"1,207","1,287","1,196","1,263",820
2015,歐洲地區,法國 France,"38,364","1,252","1,785","8,937","8,394","7,993","6,144","3,859"
2015,歐洲地區,德國 Germany,"54,954","1,141","2,347","10,311","11,545","12,597","11,284","5,729"
2015,歐洲地區,義大利 Italy,"15,615",239,299,"2,229","3,917","4,397","2,974","1,560"
2015,歐洲地區,荷蘭 Netherlands,"19,267",375,792,"4,278","3,661","4,139","3,809","2,213"
2015,歐洲地區,瑞士 Switzerland,"9,453",358,297,"1,482","1,968","2,286","1,876","1,186"
2015,歐洲地區,西班牙 Spain,"9,065",195,203,"1,888","2,767","2,148","1,207",657
2015,歐洲地區,英國 U.K.,"58,784","1,680","1,883","8,887","12,014","10,733","12,909","10,678"
2015,歐洲地區,奧地利 Austria,"6,243",127,179,"1,244","1,415","1,346","1,217",715
2015,歐洲地區,希臘 Greece,"1,465",25,25,206,485,326,247,151
2015,歐洲地區,瑞典 Sweden,"8,106",263,298,"1,566","1,517","2,005","1,490",967
2015,歐洲地區,俄羅斯 Russia,"7,808",125,367,"1,697","2,366","1,459","1,220",574
2015,歐洲地區,歐洲其他地區 Others,"38,810",706,"1,596","9,011","10,318","7,873","6,018","3,288"
2015,歐洲地區,歐洲合計 Total,"274,035","6,622","10,263","52,943","61,654","58,498","51,658","32,397"
2015,大洋洲,澳大利亞 Australia,"76,122","5,031","4,170","10,600","16,692","12,787","13,457","13,385"
2015,大洋洲,紐西蘭 New Zealand,"12,805",975,816,"1,917","3,178","2,114","2,015","1,790"
2015,大洋洲,大洋洲其他地區 Others,"1,886",41,58,426,387,326,327,321
2015,大洋洲,大洋洲合計 Total,"90,813","6,047","5,044","12,943","20,257","15,227","15,799","15,496"
2015,非洲地區,南非 S. Africa,"4,893",171,212,819,"1,316","1,170",733,472
2015,非洲地區,非洲其他地區 Others,"5,267",62,171,"1,069","1,539","1,261",792,373
2015,非洲地區,非洲合計 Total,"10,160",233,383,"1,888","2,855","2,431","1,525",845
2015,全區,未列明 Unstated,"7,026",447,440,"2,057","2,101","1,036",593,352
2015,全區,總計 Grand Total,"10,439,785","366,358","575,074","2,014,944","2,126,664","1,885,288","1,778,173","1,693,284"
2016,亞洲地區,香港.澳門 HongKong. Macao,"1,614,803","85,599","112,487","373,575","339,507","284,588","257,470","161,577"
2016,亞洲地區,大陸 Mainland China,"3,511,734","141,834","158,630","624,540","761,878","613,048","576,285","635,519"
2016,亞洲地區,日本 Japan,"1,895,702","36,957","110,185","331,778","331,753","387,456","326,045","371,528"
2016,亞洲地區,韓國 Korea,"884,397","23,893","58,672","245,508","171,973","151,904","144,314","88,133"
2016,亞洲地區,印度 India,"33,550",709,775,"6,322","11,774","8,192","3,681","2,097"
2016,亞洲地區,中東 Middle East,"19,862",436,728,"2,865","5,638","5,037","3,105","2,053"
2016,亞洲地區,東南亞地區 馬來西亞 Malaysia,"474,420","20,191","41,146","124,553","95,485","78,883","64,914","49,248"
2016,亞洲地區,東南亞地區 新加坡 Singapore,"407,267","22,343","28,622","83,090","82,138","79,242","64,939","46,893"
2016,亞洲地區,東南亞地區 印尼 Indonesia,"188,720","2,444","7,995","60,387","63,722","28,319","13,161","12,692"
2016,亞洲地區,東南亞地區 菲律賓 Philippines,"172,475","2,987","5,976","56,865","56,132","24,908","14,553","11,054"
2016,亞洲地區,東南亞地區 泰國 Thailand,"195,640","3,582","6,521","40,812","57,189","41,244","24,831","21,461"
2016,亞洲地區,東南亞地區 越南 Vietnam,"196,636","2,915","10,643","78,701","52,814","23,435","16,540","11,588"
2016,亞洲地區,東南亞地區 東南亞其他地區 Others,"18,750",467,"1,022","4,032","4,240","3,321","2,836","2,832"
2016,亞洲地區,東南亞地區 東南亞小計 Sub-Total,"1,653,908","54,929","101,925","448,440","411,720","279,352","201,774","155,768"
2016,亞洲地區,亞洲其他地區 Others,"10,837",188,621,"2,268","3,095","2,450","1,583",632
2016,亞洲地區,亞洲合計 Total,"9,624,793","344,545","544,023","2,035,296","2,037,338","1,732,027","1,514,257","1,417,307"
2016,美洲地區,加拿大 Canada,"106,197","5,357","5,576","17,194","21,105","16,791","18,926","21,248"
2016,美洲地區,美國 U.S.A.,"523,888","32,405","35,658","76,433","92,439","91,779","101,125","94,049"
2016,美洲地區,墨西哥 Mexico,"3,138",84,204,752,848,619,391,240
2016,美洲地區,巴西 Brazil,"4,171",218,401,710,"1,066",804,542,430
2016,美洲地區,阿根廷 Argentina,"1,281",72,121,184,360,238,132,174
2016,美洲地區,美洲其他地區 Others,"10,662",232,467,"3,259","2,684","1,727","1,413",880
2016,美洲地區,美洲合計 Total,"649,337","38,368","42,427","98,532","118,502","111,958","122,529","117,021"
2016,歐洲地區,比利時 Belgium,"6,627",158,212,"1,605","1,356","1,285","1,270",741
2016,歐洲地區,法國 France,"42,380","1,295","1,944","10,315","9,343","8,384","6,584","4,515"
2016,歐洲地區,德國 Germany,"59,798","1,292","2,463","11,976","12,258","12,603","12,268","6,938"
2016,歐洲地區,義大利 Italy,"17,102",239,308,"2,547","4,410","4,629","3,342","1,627"
2016,歐洲地區,荷蘭 Netherlands,"23,254",497,850,"5,772","4,545","4,677","4,421","2,492"
2016,歐洲地區,瑞士 Switzerland,"10,225",362,395,"1,660","2,206","2,294","2,042","1,266"
2016,歐洲地區,西班牙 Spain,"10,686",224,252,"2,445","3,223","2,380","1,357",805
2016,歐洲地區,英國 U.K.,"59,867","1,716","1,824","10,177","12,760","10,839","12,530","10,021"
2016,歐洲地區,奧地利 Austria,"6,867",194,260,"1,269","1,709","1,369","1,239",827
2016,歐洲地區,希臘 Greece,"1,572",9,44,201,550,353,286,129
2016,歐洲地區,瑞典 Sweden,"8,744",270,284,"1,885","1,688","1,919","1,620","1,078"
2016,歐洲地區,俄羅斯 Russia,"7,974",137,322,"1,847","2,580","1,516","1,158",414
2016,歐洲地區,歐洲其他地區 Others,"44,660",811,"1,882","11,205","12,134","8,668","6,424","3,536"
2016,歐洲地區,歐洲合計 Total,"299,756","7,204","11,040","62,904","68,762","60,916","54,541","34,389"
2016,大洋洲,澳大利亞 Australia,"82,361","5,477","4,437","11,032","17,589","13,749","14,000","16,077"
2016,大洋洲,紐西蘭 New Zealand,"13,676",981,883,"2,122","3,122","2,422","2,159","1,987"
2016,大洋洲,大洋洲其他地區 Others,"2,189",58,95,439,391,447,387,372
2016,大洋洲,大洋洲合計 Total,"98,226","6,516","5,415","13,593","21,102","16,618","16,546","18,436"
2016,非洲地區,南非 S. Africa,"5,077",203,143,"1,073","1,352","1,109",687,510
2016,非洲地區,非洲其他地區 Others,"5,591",75,218,"1,167","1,737","1,270",778,346
2016,非洲地區,非洲合計 Total,"10,668",278,361,"2,240","3,089","2,379","1,465",856
2016,全區,未列明 Unstated,"7,499",267,298,"2,095","2,037","1,361",877,564
2016,全區,總計 Grand Total,"10,690,279","397,178","603,564","2,214,660","2,250,830","1,925,259","1,710,215","1,588,573"
2017,亞洲地區,香港.澳門 HongKong. Macao,"1,692,063","94,550","114,133","373,132","353,823","296,120","270,394","189,911"
2017,亞洲地區,大陸 Mainland China,"2,732,549","118,666","114,738","549,529","696,076","476,163","378,594","398,783"
2017,亞洲地區,日本 Japan,"1,898,854","37,942","123,195","315,664","311,257","381,337","343,478","385,981"
2017,亞洲地區,韓國 Korea,"1,054,708","30,178","75,424","252,979","194,608","188,842","188,161","124,516"
2017,亞洲地區,印度 India,"34,962",802,696,"6,857","12,241","8,393","3,815","2,158"
2017,亞洲地區,中東 Middle East,"21,138",434,505,"3,179","5,685","5,191","3,268","2,876"
2017,亞洲地區,東南亞地區 馬來西亞 Malaysia,"528,019","23,498","44,588","140,160","105,166","85,471","72,374","56,762"
2017,亞洲地區,東南亞地區 新加坡 Singapore,"425,577","24,389","28,717","82,866","86,852","82,997","67,855","51,901"
2017,亞洲地區,東南亞地區 印尼 Indonesia,"189,631","3,020","9,483","57,850","58,567","29,734","15,407","15,570"
2017,亞洲地區,東南亞地區 菲律賓 Philippines,"290,784","6,912","13,104","89,571","87,051","41,569","28,417","24,160"
2017,亞洲地區,東南亞地區 泰國 Thailand,"292,534","5,516","10,331","69,129","83,353","55,885","36,569","31,751"
2017,亞洲地區,東南亞地區 越南 Vietnam,"383,329","9,117","22,689","124,469","103,010","53,531","40,503","30,010"
2017,亞洲地區,東南亞地區 東南亞其他地區 Others,"27,264",865,"1,832","5,895","6,130","4,190","3,789","4,563"
2017,亞洲地區,東南亞地區 東南亞小計 Sub-Total,"2,137,138","73,317","130,744","569,940","530,129","353,377","264,914","214,717"
2017,亞洲地區,亞洲其他地區 Others,"14,223",264,859,"3,242","3,907","3,243","1,921",787
2017,亞洲地區,亞洲合計 Total,"9,585,635","356,153","560,294","2,074,522","2,107,726","1,712,666","1,454,545","1,319,729"
2017,美洲地區,加拿大 Canada,"117,687","6,040","6,304","19,558","22,346","18,219","20,421","24,799"
2017,美洲地區,美國 U.S.A.,"561,365","34,871","37,651","80,733","99,751","96,912","105,341","106,106"
2017,美洲地區,墨西哥 Mexico,"4,347",95,259,"1,111","1,076",769,591,446
2017,美洲地區,巴西 Brazil,"4,794",198,379,905,"1,304",903,605,500
2017,美洲地區,阿根廷 Argentina,"1,693",97,93,341,437,293,188,244
2017,美洲地區,美洲其他地區 Others,"12,163",220,575,"3,887","3,132","1,855","1,467","1,027"
2017,美洲地區,美洲合計 Total,"702,049","41,521","45,261","106,535","128,046","118,951","128,613","133,122"
2017,歐洲地區,比利時 Belgium,"7,666",193,211,"1,807","1,521","1,565","1,397",972
2017,歐洲地區,法國 France,"46,822","1,486","2,125","11,833","9,867","8,949","7,305","5,257"
2017,歐洲地區,德國 Germany,"65,983","1,511","2,280","12,201","13,262","13,000","14,506","9,223"
2017,歐洲地區,義大利 Italy,"18,596",305,334,"3,065","4,576","4,766","3,499","2,051"
2017,歐洲地區,荷蘭 Netherlands,"25,492",704,955,"5,455","5,440","5,048","4,956","2,934"
2017,歐洲地區,瑞士 Switzerland,"11,253",364,363,"1,801","2,325","2,360","2,315","1,725"
2017,歐洲地區,西班牙 Spain,"11,367",267,293,"2,425","3,373","2,583","1,541",885
2017,歐洲地區,英國 U.K.,"64,858","1,912","1,901","10,556","13,258","11,351","13,364","12,516"
2017,歐洲地區,奧地利 Austria,"7,877",156,255,"1,563","1,622","1,369","1,498","1,414"
2017,歐洲地區,希臘 Greece,"1,875",24,26,252,618,436,334,185
2017,歐洲地區,瑞典 Sweden,"9,106",273,273,"2,042","1,618","2,003","1,685","1,212"
2017,歐洲地區,俄羅斯 Russia,"9,226",174,373,"2,193","2,930","1,691","1,301",564
2017,歐洲地區,歐洲其他地區 Others,"49,969",927,"1,862","12,676","12,945","9,746","7,157","4,656"
2017,歐洲地區,歐洲合計 Total,"330,090","8,296","11,251","67,869","73,355","64,867","60,858","43,594"
2017,大洋洲,澳大利亞 Australia,"90,892","6,647","5,265","12,213","18,712","15,197","14,938","17,920"
2017,大洋洲,紐西蘭 New Zealand,"14,639","1,153",944,"2,078","3,079","2,650","2,371","2,364"
2017,大洋洲,大洋洲其他地區 Others,"2,813",74,162,627,510,519,483,438
2017,大洋洲,大洋洲合計 Total,"108,344","7,874","6,371","14,918","22,301","18,366","17,792","20,722"
2017,非洲地區,南非 S. Africa,"5,757",229,195,"1,253","1,611","1,187",774,508
2017,非洲地區,非洲其他地區 Others,"5,925",64,179,"1,400","1,819","1,262",781,420
2017,非洲地區,非洲合計 Total,"11,682",293,374,"2,653","3,430","2,449","1,555",928
2017,全區,未列明 Unstated,"1,801",104,108,814,342,227,118,88
2017,全區,總計 Grand Total,"10,739,601","414,241","623,659","2,267,311","2,335,200","1,917,526","1,663,481","1,518,183"
2018,亞洲地區,香港.澳門 HongKong. Macao,"1,653,654","91,288","109,479","361,809","360,077","290,316","255,907","184,778"
2018,亞洲地區,大陸 Mainland China,"2,695,615","124,697","109,742","543,043","720,174","460,973","357,842","379,144"
2018,亞洲地區,日本 Japan,"1,969,151","41,927","142,761","331,082","319,618","396,914","359,473","377,376"
2018,亞洲地區,韓國 Korea,"1,019,441","38,431","73,774","244,929","190,125","182,217","175,036","114,929"
2018,亞洲地區,印度 India,"38,385",872,843,"7,717","12,988","9,213","4,380","2,372"
2018,亞洲地區,中東 Middle East,"22,442",645,708,"3,405","5,759","5,293","3,427","3,205"
2018,亞洲地區,東南亞地區 馬來西亞 Malaysia,"526,129","23,826","43,868","140,623","108,900","84,492","69,887","54,533"
2018,亞洲地區,東南亞地區 新加坡 Singapore,"427,222","24,414","28,226","81,375","90,362","82,649","67,914","52,282"
2018,亞洲地區,東南亞地區 印尼 Indonesia,"210,985","3,355","12,237","65,627","62,247","33,687","17,450","16,382"
2018,亞洲地區,東南亞地區 菲律賓 Philippines,"419,105","12,400","21,198","121,290","121,182","61,933","43,080","38,022"
2018,亞洲地區,東南亞地區 泰國 Thailand,"320,008","6,317","12,168","80,157","91,479","59,612","38,302","31,973"
2018,亞洲地區,東南亞地區 越南 Vietnam,"490,774","9,985","32,224","167,486","141,532","68,597","40,981","29,969"
2018,亞洲地區,東南亞地區 東南亞其他地區 Others,"35,896","1,182","2,224","8,094","8,622","5,442","4,940","5,392"
2018,亞洲地區,東南亞地區 東南亞小計 Sub-Total,"2,430,119","81,479","152,145","664,652","624,324","396,412","282,554","228,553"
2018,亞洲地區,亞洲其他地區 Others,"16,954",380,"1,002","3,760","4,668","3,814","2,267","1,063"
2018,亞洲地區,亞洲合計 Total,"9,845,761","379,719","590,454","2,160,397","2,237,733","1,745,152","1,440,886","1,291,420"
2018,美洲地區,加拿大 Canada,"128,456","6,517","6,995","20,152","24,678","20,735","21,747","27,632"
2018,美洲地區,美國 U.S.A.,"580,072","35,673","39,612","79,360","103,391","99,947","107,345","114,744"
2018,美洲地區,墨西哥 Mexico,"4,334",102,357,898,"1,053",841,584,499
2018,美洲地區,巴西 Brazil,"5,042",173,380,769,"1,363","1,030",696,631
2018,美洲地區,阿根廷 Argentina,"1,459",88,87,192,395,258,171,268
2018,美洲地區,美洲其他地區 Others,"13,115",280,684,"3,858","3,609","1,963","1,552","1,169"
2018,美洲地區,美洲合計 Total,"732,478","42,833","48,115","105,229","134,489","124,774","132,095","144,943"
2018,歐洲地區,比利時 Belgium,"7,845",202,251,"1,816","1,724","1,623","1,348",881
2018,歐洲地區,法國 France,"52,687","1,701","2,631","13,232","11,411","9,813","7,997","5,902"
2018,歐洲地區,德國 Germany,"65,330","1,641","2,456","12,361","14,048","12,468","14,038","8,318"
2018,歐洲地區,義大利 Italy,"19,577",328,382,"3,060","4,996","4,960","3,681","2,170"
2018,歐洲地區,荷蘭 Netherlands,"25,835",697,996,"5,275","5,291","5,027","5,216","3,333"
2018,歐洲地區,瑞士 Switzerland,"11,239",373,382,"1,900","2,405","2,206","2,363","1,610"
2018,歐洲地區,西班牙 Spain,"13,006",313,392,"2,744","3,735","3,076","1,733","1,013"
2018,歐洲地區,英國 U.K.,"71,030","2,138","2,171","11,656","15,558","12,272","13,915","13,320"
2018,歐洲地區,奧地利 Austria,"9,261",230,441,"1,939","1,943","1,760","1,642","1,306"
2018,歐洲地區,希臘 Greece,"1,755",9,31,231,540,453,292,199
2018,歐洲地區,瑞典 Sweden,"9,206",316,359,"1,944","1,762","1,861","1,803","1,161"
2018,歐洲地區,俄羅斯 Russia,"10,394",201,477,"2,405","3,261","1,961","1,347",742
2018,歐洲地區,歐洲其他地區 Others,"52,929","1,137","2,022","12,221","14,249","10,639","7,749","4,912"
2018,歐洲地區,歐洲合計 Total,"350,094","9,286","12,991","70,784","80,923","68,119","63,124","44,867"
2018,大洋洲,澳大利亞 Australia,"102,541","7,998","6,589","13,958","21,078","17,876","15,912","19,130"
2018,大洋洲,紐西蘭 New Zealand,"16,362","1,318","1,168","2,425","3,491","2,906","2,494","2,560"
2018,大洋洲,大洋洲其他地區 Others,"2,794",56,174,566,517,530,503,448
2018,大洋洲,大洋洲合計 Total,"121,697","9,372","7,931","16,949","25,086","21,312","18,909","22,138"
2018,非洲地區,南非 S. Africa,"5,596",210,158,"1,167","1,448","1,228",815,570
2018,非洲地區,非洲其他地區 Others,"6,441",148,230,"1,329","2,110","1,430",824,370
2018,非洲地區,非洲合計 Total,"12,037",358,388,"2,496","3,558","2,658","1,639",940
2018,全區,未列明 Unstated,"4,640",277,244,"1,453","1,310",778,360,218
2018,全區,總計 Grand Total,"11,066,707","441,845","660,123","2,357,308","2,483,099","1,962,793","1,657,013","1,504,526"
